,val_loss,loss
0,284.3398754643459,310.58801919162863
1,307.93281704771755,208.01385989047512
2,356.9502653234145,177.99561831030516
3,325.2096893460143,193.12429802016456
4,119.32120349360447,167.55861716695352
